Model,Accuracy,Precision,Recall,F1,ROC-AUC,PR-AUC
Random Forest,0.9924155366582394,0.9877049180327869,0.9972413793103448,0.9924502402196294,0.9994555020283975,0.9994564444406966
